Title,GenreID,Runtime,IMDBScore,Language,Premiere_Date
Enter the Anime,G1,58,2.5,English,05-08-2019
Dark Forces,G2,81,2.6,Spanish,21-08-2020
The App,G3,79,2.6,Italian,26-12-2019
The Open House,G9,94,3.2,English,19-01-2018
Kaali Khuhi,G4,90,3.4,Hindi,30-10-2020
Drive,G5,147,3.5,Hindi,01-11-2019
Leyla Everlasting,G6,112,3.7,Turkish,04-12-2020
The Last Days of American Crime,G2,149,3.7,English,05-06-2020
Paradox,G8,73,3.9,English,23-03-2018
Sardar Ka Grandson,G6,139,4.1,Hindi,18-05-2021
Searching for Sheela,G1,58,4.1,English,22-04-2021
The Call,G7,112,4.1,Korean,27-11-2020
Whipped,G17,97,4.1,Indonesian,18-09-2020
All Because of You,G5,101,4.2,Malay,01-10-2020
Mercy,G2,90,4.2,English,22-11-2016
After the Raid,G1,25,4.3,Spanish,19-12-2019
Ghost Stories,G9,144,4.3,Hindi,01-01-2020
The Last Thing He Wanted,G2,115,4.3,English,21-02-2020
What Happened to Mr. Cha?,G6,102,4.3,Korean,01-01-2021
Death Note,G9,100,4.4,English,25-08-2017
"Hello Privilege. It's Me, Chelsea",G1,64,4.4,English,13-09-2019
Secret Obsession,G2,97,4.4,English,18-07-2019
Sextuplets,G6,99,4.4,English,16-08-2019
The Girl on the Train,G2,120,4.4,Hindi,26-02-2021
Thunder Force,G6,105,4.4,English,09-04-2021
Fatal Affair,G2,89,4.5,English,16-07-2020
Just Say Yes,G17,97,4.5,Dutch,02-04-2021
Seriously Single,G6,107,4.5,English,31-07-2020
The Misadventures of Hedi and Cokeman,G6,99,4.5,French,10-02-2021
5 Star Christmas,G6,95,4.6,Italian,07-12-2018
After Maria,G1,37,4.6,English,24-05-2019
I Am the Pretty Thing That Lives in the House,G9,89,4.6,English,28-10-2016
Paris Is Us,G10,83,4.6,French,22-02-2019
Porta dos Fundos: The First Temptation of Christ,G6,46,4.6,Portuguese,03-12-2019
Rattlesnake,G9,85,4.6,English,25-10-2019
The Players,G6,88,4.6,Italian,15-07-2020
We Are One,G1,86,4.6,French,14-07-2020
Finding Agnes,G7,105,4.7,Filipino,30-11-2020
IO,G3,95,4.7,English,18-01-2019
Sentinelle,G5,80,4.7,French,05-03-2021
Sol Levante,G11,4,4.7,English,02-04-2020
The Binding,G7,93,4.7,Italian,02-10-2020
We Can Be Heroes,G5,100,4.7,English,25-12-2020
Christmas Crossfire,G2,106,4.8,German,04-12-2020
Coin Heist,G2,97,4.8,English,06-01-2017
Mrs. Serial Killer,G2,106,4.8,Hindi,01-05-2020
Nobody Sleeps in the Woods Tonight,G9,103,4.8,Polish,28-10-2020
Take the 10,G6,80,4.8,English,20-01-2017
The Main Event,G6,101,4.8,English,10-04-2020
The Ridiculous 6,G7,119,4.8,English,11-12-2017
Earth and Blood,G5,80,4.9,French,17-04-2020
Fearless,G11,89,4.9,English,14-08-2020
Holiday Rush,G7,94,4.9,English,28-11-2019
The Day of the Lord,G7,93,4.9,Spanish,30-10-2020
Airplane Mode,G6,96,5,Portuguese,23-01-2020
How It Ends,G5,113,5,English,13-07-2018
Love Like the Falling Rain,G7,86,5,Indonesian,15-10-2020
Rebirth,G2,100,5,English,15-07-2016
Squared Love,G17,102,5,Polish,11-02-2021
Cadaver,G9,86,5.1,Norwegian,22-10-2020
Clinical,G2,104,5.1,English,13-01-2017
Coffee & Kareem,G6,88,5.1,English,03-04-2020
Dude,G6,97,5.1,English,20-04-2018
Geez & Ann,G10,105,5.1,Indonesian,25-02-2021
The Larva Island Movie,G11,90,5.1,English,23-07-2020
#REALITYHIGH,G6,99,5.2,English,08-09-2017
American Factory: A Conversation with the Obamas,G13,10,5.2,English,21-08-2019
Desperados,G17,106,5.2,English,03-07-2020
Dolly Parton's Christmas on the Square,G8,98,5.2,English,22-11-2020
Father of the Year,G6,94,5.2,English,20-07-2018
Firebrand,G7,112,5.2,Marathi,22-02-2019
Ghost Lab,G9,117,5.2,Thai,26-05-2021
Girlfriend's Day,G6,70,5.2,English,14-02-2017
Handsome: A Netflix Mystery Movie,G6,81,5.2,English,05-05-2017
Hubie Halloween,G6,103,5.2,English,07-10-2020
Ibiza,G6,94,5.2,English,25-05-2018
Rim of the World,G3,98,5.2,English,24-05-2019
Sandy Wexler,G6,131,5.2,English,14-05-2017
See You Yesterday,G3,87,5.2,English,17-05-2019
Still Laugh-In: The Stars Celebrate,G18,60,5.2,English,14-05-2019
"Strip Down, Rise Up",G1,112,5.2,English,05-02-2021
Tall Girl,G6,102,5.2,English,13-09-2019
The Beast,G7,99,5.2,Italian,27-11-2020
The Week Of,G6,116,5.2,English,27-04-2018
A Christmas Prince: The Royal Wedding,G17,92,5.3,English,30-11-2018
Back to School,G6,83,5.3,French,30-08-2019
Dangerous Lies,G2,97,5.3,English,30-04-2020
Gunjan Saxena: The Kargil Girl,G7,112,5.3,Hindi,12-08-2020
Intuition,G2,116,5.3,Spanish,28-05-2020
The Most Assassinated Woman in the World,G2,102,5.3,French,07-09-2018
Things Heard & Seen,G9,121,5.3,English,29-04-2021
"To Each, Her Own",G17,95,5.3,French,24-06-2018
Who Would You Take to a Deserted Island?,G7,93,5.3,Spanish,12-04-2019
XOXO,G7,92,5.3,English,26-08-2016
A Babysitter's Guide to Monster Hunting,G6,98,5.4,English,15-10-2020
A Christmas Prince: The Royal Baby,G17,85,5.4,English,05-12-2019
Despite Everything,G6,78,5.4,Spanish,03-05-2019
Dolly Kitty Aur Woh Chamakte Sitare,G7,120,5.4,Hindi,18-09-2020
Freaks: You're One of Us,G12,92,5.4,German,02-09-2020
"Game Over, Man!",G5,101,5.4,English,23-03-2018
Guilty,G2,119,5.4,Hindi,06-03-2020
In the Tall Grass,G9,101,5.4,English,04-10-2019
Madame Claude,G7,112,5.4,French,02-04-2021
Naked,G6,96,5.4,English,11-08-2017
Outside the Wire,G3,114,5.4,English,15-01-2021
The Princess Switch: Switched Again,G17,97,5.4,English,19-11-2020
Under the Riccione Sun,G17,101,5.4,Italian,01-07-2020
A Very Murray Christmas,G6,56,5.5,English,04-12-2015
Been So Long,G8,100,5.5,English,26-10-2018
Dead Kids,G2,94,5.5,Filipino,01-12-2019
Get the Grift,G6,94,5.5,Portuguese,28-04-2021
Ghosts of Sugar Land,G1,21,5.5,English,16-10-2019
House Arrest,G6,104,5.5,Hindi,15-11-2019
Kevin Hart's Guide to Black History,G18,63,5.5,English,08-02-2019
Love Wedding Repeat,G17,100,5.5,English,10-04-2020
Mute,G3,126,5.5,English,23-02-2018
Òlòturé,G7,106,5.5,English,02-10-2020
Red Dot,G2,86,5.5,Swedish,11-02-2021
Ride or Die,G2,142,5.5,Japanese,15-04-2021
Step Sisters,G6,108,5.5,English,19-01-2018
The Cloverfield Paradox,G3,102,5.5,English,04-02-2018
The Knight Before Christmas,G17,92,5.5,English,21-11-2019
The Legacy of a Whitetail Deer Hunter,G6,83,5.5,English,06-07-2018
The Package,G6,94,5.5,English,10-08-2018
Unicorn Store,G6,92,5.5,English,05-04-2019
Wine Country,G6,103,5.5,English,10-05-2019
Bomb Scared,G6,89,5.6,Spanish,12-10-2017
Brahman Naman,G6,95,5.6,English,07-07-2016
Double Dad,G6,103,5.6,Portuguese,15-01-2021
Falling Inn Love,G17,97,5.6,English,29-08-2019
Hold the Dark,G2,125,5.6,English,28-09-2018
"Love, Guaranteed",G17,91,5.6,English,03-09-2020
One-Way to Tomorrow,G10,90,5.6,Turkish,19-06-2020
Sarah Cooper: Everything's Fine,G18,49,5.6,English,27-10-2020
The Last Laugh,G6,98,5.6,English,11-01-2019
The Last Paradiso,G17,107,5.6,Italian,05-02-2021
The Midnight Sky,G3,118,5.6,English,23-12-2020
The Paramedic,G2,94,5.6,Spanish,16-09-2020
The Sleepover,G6,103,5.6,English,21-08-2020
Vampires vs. the Bronx,G9,86,5.6,English,02-10-2020
Why Did You Kill Me?,G1,83,5.6,English,14-04-2021
A Week Away,G8,97,5.7,English,26-03-2021
Caught by a Wave,G10,99,5.7,Italian,25-03-2021
Christmas Inheritance,G10,104,5.7,English,15-12-2017
Dad Wanted,G7,102,5.7,Spanish,11-09-2020
El Camino Christmas,G6,89,5.7,English,08-12-2017
Eli,G9,98,5.7,English,18-10-2019
Ginny Weds Sunny,G17,125,5.7,Hindi,09-10-2020
Good Sam,G7,89,5.7,English,16-05-2019
Lionheart,G6,94,5.7,English,04-01-2019
Little Evil,G6,94,5.7,English,01-09-2017
One Take,G1,85,5.7,Thai,18-06-2020
"Out of Many, One",G1,34,5.7,English,12-12-2018
Point Blank,G5,86,5.7,English,12-07-2019
Prime Time,G2,91,5.7,Polish,14-04-2021
The Do-Over,G5,108,5.7,English,27-05-2016
The Holiday Calendar,G17,95,5.7,English,02-11-2018
The Woman in the Window,G2,100,5.7,English,14-05-2021
The Wrong Missy,G6,90,5.7,English,13-05-2020
Velvet Buzzsaw,G2,112,5.7,English,01-02-2019
Yes Day,G6,86,5.7,English,12-03-2021
15-Aug,G6,124,5.8,Marathi,29-03-2019
A California Christmas,G17,107,5.8,English,14-12-2020
A Christmas Prince,G17,92,5.8,English,17-11-2017
All Day and a Night,G7,121,5.8,English,01-05-2020
American Son,G7,90,5.8,English,01-11-2019
Barry,G15,104,5.8,English,16-12-2016
Candy Jar,G6,92,5.8,English,27-04-2018
Choked: Paisa Bolta Hai,G7,114,5.8,Hindi,05-06-2020
Class of '83,G7,98,5.8,Hindi,21-08-2020
Extinction,G3,95,5.8,English,27-07-2018
Happy Anniversary,G17,78,5.8,English,30-03-2018
I Am All Girls,G2,107,5.8,English,14-05-2021
Let It Snow,G17,92,5.8,English,08-11-2019
Mascots,G19,95,5.8,English,13-10-2016
Operation Christmas Drop,G17,96,5.8,English,05-11-2020
Rajma Chawal,G6,118,5.8,Hindi,30-11-2018
Rich in Love,G17,105,5.8,Portuguese,30-04-2020
Rising High,G19,94,5.8,German,17-04-2020
Rodney King,G13,52,5.8,English,28-04-2017
Sierra Burgess Is a Loser,G17,105,5.8,English,07-09-2018
Small Crimes,G6,95,5.8,English,28-04-2017
Special Correspondents,G19,100,5.8,English,29-04-2016
TAU,G3,97,5.8,English,29-06-2018
The After Party,G6,89,5.8,English,24-08-2018
The Babysitter: Killer Queen,G6,102,5.8,English,10-09-2020
The Claus Family,G11,96,5.8,Dutch,07-12-2020
The Kissing Booth 2,G17,131,5.8,English,24-07-2020
The Perfect Date,G17,89,5.8,English,12-04-2019
What We Wanted,G7,93,5.8,German,11-11-2020
You've Got This,G17,111,5.8,Spanish,02-10-2020
6 Balloons,G7,75,5.9,English,06-04-2018
A Fall from Grace,G2,120,5.9,English,17-01-2020
Amateur,G7,96,5.9,English,06-04-2018
Army of the Dead,G9,148,5.9,English,21-05-2021
Cam,G9,94,5.9,English,16-11-2018
Earthquake Bird,G4,107,5.9,English,15-11-2019
"Frankenstein's Monster's Monster, Frankenstein",G19,32,5.9,English,16-07-2019
Horse Girl,G7,104,5.9,English,07-02-2020
Notes from Dunblane: Lesson from a School Shooting,G1,23,5.9,English,28-09-2018
Maska,G17,111,5.9,Hindi,27-03-2020
The Decline,G2,83,5.9,French,27-03-2020
The Minimalists: Less Is Now,G1,53,5.9,English,01-01-2021
The Polka King,G6,95,5.9,English,12-01-2018
The Prom,G8,132,5.9,English,11-12-2020
True Memoirs of an International Assassin,G5,98,5.9,English,11-11-2016
Ultras,G5,108,5.9,Italian,20-03-2020
Come Sunday,G15,106,6,English,13-04-2018
Forgive Us Our Debts,G7,104,6,Italian,04-05-2018
iBoy,G3,90,6,English,27-01-2017
Lovefucked,G7,106,6,Hindi,09-08-2019
Juanita,G7,90,6,English,08-03-2019
Murder Mystery,G6,97,6,English,14-06-2019
Project Power,G3,113,6,English,14-08-2020
Rebecca,G10,123,6,English,21-10-2020
The Christmas Chronicles: Part Two,G6,115,6,English,25-11-2020
The Kissing Booth,G17,105,6,English,11-05-2018
The Princess Switch,G17,101,6,English,16-11-2018
To All the Boys: P.S. I Still Love You,G17,102,6,English,12-02-2020
War Machine,G6,122,6,English,26-05-2017
6 Underground,G5,128,6.1,English,13-12-2019
Between Two Ferns: The Movie,G6,82,6.1,English,20-09-2019
Burning Sands,G7,102,6.1,English,10-03-2017
Casting JonBenet,G1,80,6.1,English,28-04-2017
Deidra & Laney Rob a Train,G7,94,6.1,English,17-03-2017
Finding 'Ohana,G7,123,6.1,English,29-01-2021
Holidate,G17,104,6.1,English,28-10-2020
Holiday in the Wild,G10,85,6.1,English,01-11-2019
Hot Girls Wanted,G1,84,6.1,English,29-05-2015
Like Father,G6,103,6.1,English,03-08-2018
Lost Girls,G4,95,6.1,English,13-03-2020
Otherhood,G6,100,6.1,English,02-08-2019
Pee-wee's Big Holiday,G7,89,6.1,English,18-03-2016
Rogue City,G7,116,6.1,French,30-10-2020
Sergio,G15,118,6.1,English,17-04-2020
Stuck Apart,G7,96,6.1,Turkish,08-01-2021
Tersanjung the Movie,G7,114,6.1,Indonesian,01-04-2021
The Killer,G7,99,6.1,Portuguese,10-11-2017
The Lovebirds,G17,87,6.1,English,22-05-2020
The Most Hated Woman in America,G15,92,6.1,English,24-03-2017
The Perfection,G9,90,6.1,English,24-05-2019
Tribhanga – Tedhi Medhi Crazy,G7,95,6.1,Hindi,15-01-2021
Unknown Origins,G2,96,6.1,Spanish,28-08-2020
Work It,G6,93,6.1,English,07-08-2020
Alien Xmas,G7,42,6.2,English,20-11-2020
Baggio: The Divine Ponytail,G15,92,6.2,Italian,26-05-2021
Below Zero,G7,106,6.2,Spanish,29-01-2021
Citation,G7,151,6.2,English,06-11-2020
Crazy Awesome Teachers,G6,101,6.2,Indonesian,17-08-2020
Have You Ever Seen Fireflies?,G6,114,6.2,Turkish,09-04-2021
High Flying Bird,G7,90,6.2,English,08-02-2019
In the Shadow of the Moon,G2,115,6.2,English,27-09-2019
Lost Bullet,G2,92,6.2,French,19-06-2020
Octonauts & the Caves of Sac Actun,G11,72,6.2,English,14-08-2020
Offering to the Storm,G2,139,6.2,Spanish,24-07-2020
Roxanne Roxanne,G15,98,6.2,English,23-03-2018
Someone Great,G17,92,6.2,English,19-04-2019
Spenser Confidential,G5,111,6.2,English,06-03-2020
The Land of Steady Habits,G7,98,6.2,English,14-09-2018
The Rachel Divide,G1,104,6.2,English,27-04-2018
Voyuer,G1,95,6.2,English,01-12-2017
Win It All,G6,88,6.2,English,07-04-2017
1922,G9,102,6.3,English,20-10-2017
A Tale of Two Kitchens,G1,30,6.3,English,22-05-2019
Alex Strangelove,G17,99,6.3,English,08-06-2018
Apostle,G9,129,6.3,English,12-10-2018
Benji,G7,87,6.3,English,16-03-2018
Bright,G7,117,6.3,English,22-12-2017
Cargo,G7,104,6.3,English,18-05-2018
Concrete Cowboy,G7,111,6.3,English,02-04-2021
Feel the Beat,G6,107,6.3,English,19-06-2020
Get the Goat,G6,97,6.3,Portuguese,18-03-2021
I Am Not an Easy Man,G17,98,6.3,French,13-04-2018
June & Kopi,G7,90,6.3,Indonesian,28-01-2021
Music Teacher,G7,101,6.3,Hindi,19-04-2019
Nail Bomber: Manhunt,G1,72,6.3,English,26-05-2021
Notes for My Son,G7,83,6.3,Spanish,24-11-2020
Polar,G5,118,6.3,English,25-01-2019
Porta dos Fundos: The Last Hangover,G6,44,6.3,Portuguese,21-12-2018
Sand Castle,G5,113,6.3,English,21-04-2017
Shimmer Lake,G2,86,6.3,English,09-06-2017
Spectral,G3,108,6.3,English,09-12-2016
The Babysitter,G6,85,6.3,English,13-10-2017
The Discovery,G3,102,6.3,English,31-03-2017
The Forest of Love,G7,151,6.3,Japanese,11-10-2019
The Laundromat,G6,98,6.3,English,18-10-2019
The Legend of Cocaine Island,G1,87,6.3,English,29-03-2019
The Outsider,G2,120,6.3,English,09-03-2018
Time to Hunt,G2,134,6.3,Korean,23-04-2020
To All the Boys: Always and Forever,G17,109,6.3,English,12-02-2021
Travis Scott: Look Mom I Can Fly,G1,85,6.3,English,28-08-2019
Uncorked,G7,103,6.3,English,27-03-2020
Anelka: Misunderstood,G1,94,6.4,French,05-08-2020
"Ariana Grande: Excuse Me, I Love You",G16,97,6.4,English,21-12-2020
ARQ,G3,88,6.4,English,16-09-2016
Birders,G1,37,6.4,English,25-09-2019
Como Caído del Cielo,G8,112,6.4,Spanish,24-12-2019
First Match,G7,102,6.4,English,30-03-2018
Fractured,G2,100,6.4,English,11-10-2019
Irreplaceable You,G7,96,6.4,English,16-02-2018
Isi & Ossi,G17,113,6.4,German,14-02-2020
John Was Trying to Contact Aliens,G1,16,6.4,English,20-08-2020
Layla Majnun,G10,119,6.4,Indonesian,11-02-2021
Murder to Mercy: The Cyntoia Brown Story,G1,97,6.4,English,29-04-2020
My Own Man,G1,81,6.4,English,13-12-2014
Nappily Ever After,G6,98,6.4,English,21-09-2018
Over the Moon,G11,95,6.4,English,23-10-2020
Street Flow,G7,96,6.4,French,12-10-2019
Strong Island,G1,107,6.4,English,15-09-2017
Sturgill Simpson Presents: Sound & Fury,G11,41,6.4,English,27-09-2019
Take Your Pills,G1,87,6.4,English,16-03-2018
The Heartbreak Club,G6,101,6.4,Indonesian,14-01-2021
The Mars Generation,G1,97,6.4,English,05-05-2017
The Occupant,G2,103,6.4,Spanish,25-03-2020
The Willoughbys,G11,90,6.4,English,22-04-2020
Triple Frontier,G2,125,6.4,English,13-03-2019
Two Catalonias,G1,116,6.4,Spanish,28-09-2018
Walk. Ride. Rodeo.,G7,99,6.4,English,08-03-2019
Wheelman,G2,82,6.4,English,20-10-2017
When We First Met,G17,97,6.4,English,09-02-2018
A 3 Minute Hug,G1,28,6.5,English,28-10-2019
All the Bright Places,G10,108,6.5,English,28-02-2020
All Together Now,G7,93,6.5,English,28-08-2020
Altered Carbon: Resleeved,G11,74,6.5,Japanese,19-03-2020
Antoine Griezmann: The Making of a Legend,G1,60,6.5,French,21-03-2019
Canvas,G11,9,6.5,English,11-12-2020
Chadwick Boseman: Portrait of an Artist,G1,21,6.5,English,17-04-2021
Chopsticks,G6,100,6.5,Hindi,31-05-2019
Da 5 Bloods,G7,155,6.5,English,12-06-2020
Dolly Parton: A MusiCares Tribute,G1,55,6.5,English,07-04-2021
Eurovision Song Contest: The Story of Fire Saga,G8,123,6.5,English,26-06-2020
Gerald's Game,G9,103,6.5,English,29-09-2017
His House,G2,93,6.5,English,30-10-2020
Jingle Jangle: A Christmas Journey,G8,119,6.5,English,13-11-2020
Life Overtakes Me,G1,40,6.5,English,14-06-2019
Lust Stories,G7,120,6.5,Hindi,15-06-2018
Monster,G7,98,6.5,English,07-05-2021
Mowgli: Legend of the Jungle,G5,104,6.5,English,07-12-2018
Nobody Knows I'm Here,G7,91,6.5,Spanish,24-06-2020
Nobody Speak: Trials of the Free Press,G1,95,6.5,English,23-06-2017
Oxygen,G3,101,6.5,French,12-05-2021
Set It Up,G17,105,6.5,English,15-06-2018
The Incredible Jessica James,G6,83,6.5,English,28-07-2017
Tigertail,G7,91,6.5,English,10-04-2020
Tramps,G10,83,6.5,English,21-04-2017
What Did Jack Do?,G7,17,6.5,English,20-01-2020
Bad Trip,G6,86,6.6,English,26-03-2021
Bird Box,G2,124,6.6,English,21-12-2018
Bulbbul,G9,94,6.6,Hindi,24-06-2020
Crazy About Her,G17,102,6.6,Spanish,26-02-2021
Elisa & Marcela,G10,118,6.6,Spanish,07-06-2019
I'll Sleep When I'm Dead,G1,79,6.6,English,19-08-2016
I'm Thinking of Ending Things,G2,134,6.6,English,04-09-2020
It Takes a Lunatic,G1,126,6.6,English,25-10-2019
Milestone,G7,98,6.6,Hindi,07-05-2021
Recovery Boys,G1,89,6.6,English,29-06-2018
ReMastered: Who Killed Jam Master Jay?,G1,58,6.6,English,07-12-2018
Shawn Mendes: In Wonder,G1,83,6.6,English,23-11-2020
Space Sweepers,G3,136,6.6,Korean,05-02-2021
The American Meme,G1,98,6.6,English,07-12-2018
The Angel,G2,114,6.6,English,14-09-2018
The Crimes That Bind,G7,99,6.6,Spanish,20-08-2020
The Red Sea Diving Resort,G2,130,6.6,English,31-07-2019
What Would Sophia Loren Do?,G1,32,6.6,English,15-01-2021
A Whisker Away,G11,104,6.7,Japanese,18-06-2020
Ajeeb Daastaans,G7,142,6.7,Hindi,16-04-2021
Arlo the Alligator Boy,G11,92,6.7,English,16-04-2021
"Bikram: Yogi, Guru, Predator",G1,86,6.7,English,20-11-2019
Blame!,G11,106,6.7,Japanese,20-05-2017
Blue Miracle,G7,95,6.7,English,27-05-2021
CounterPunch,G1,91,6.7,English,16-06-2017
"Crack: Cocaine, Corruption & Conspiracy",G1,89,6.7,English,11-01-2021
Extraction,G5,117,6.7,English,24-04-2020
Giving Voice,G1,90,6.7,English,11-12-2020
Hillbilly Elegy,G7,117,6.7,English,24-11-2020
Hope Frozen: A Quest to Live Twice,G1,80,6.7,English,15-09-2020
Imperial Dreams,G7,87,6.7,English,03-02-2017
Just Another Christmas,G6,101,6.7,Portuguese,03-12-2020
Little Miss Sumo,G1,19,6.7,Japanese,28-10-2019
Malcolm & Marie,G10,106,6.7,English,05-02-2021
"Michael Bolton's Big, Sexy, Valentine's Day Special",G18,54,6.7,English,07-02-2017
Moxie,G7,111,6.7,English,03-03-2021
Night in Paradise,G7,132,6.7,Korean,09-04-2021
Paper Lives,G7,97,6.7,Turkish,12-03-2021
Parchis: The Documentary,G1,106,6.7,Spanish,10-07-2019
Tallulah,G6,111,6.7,English,29-07-2016
The Old Guard,G5,124,6.7,English,10-07-2020
Tony Robbins: I Am Not Your Guru,G1,116,6.7,English,15-07-2016
Upstarts,G7,112,6.7,Hindi,18-10-2019
22-Jul,G7,144,6.8,English,10-10-2018
7 años,G7,76,6.8,Spanish,28-10-2016
A Futile and Stupid Gesture,G15,101,6.8,English,26-01-2018
A Life of Speed: The Juan Manuel Fangio Story,G1,92,6.8,Spanish,20-03-2020
A Love Song for Latasha,G1,19,6.8,English,21-09-2020
All in My Family,G1,39,6.8,English,03-05-2019
Always Be My Maybe,G17,102,6.8,English,31-05-2019
Becoming,G1,89,6.8,English,06-05-2020
Brij Mohan Amar Rahe,G6,105,6.8,Hindi,03-08-2018
Calibre,G2,101,6.8,English,29-06-2018
Death to 2020,G6,70,6.8,English,27-12-2020
GIMS: On the Record,G1,96,6.8,French,17-09-2020
Have a Good Trip: Adventures in Psychedelics,G1,85,6.8,English,11-05-2020
Heroin(e),G1,39,6.8,English,12-09-2017
Mercury 13,G1,79,6.8,English,20-04-2018
Saving Capitalism,G1,73,6.8,English,21-11-2017
Serious Men,G7,114,6.8,Hindi,02-10-2020
The Boys in the Band,G7,121,6.8,English,30-09-2020
The Boys in the Band: Something Personal,G13,28,6.8,English,30-09-2020
The Life Ahead,G7,95,6.8,Italian,13-11-2020
The Other Side of the Wind,G7,122,6.8,English,02-11-2018
The Trader,G1,23,6.8,Georgian,09-02-2018
To the Bone,G7,107,6.8,English,14-07-2017
Tony Parker: The Final Shot,G1,98,6.8,French,06-01-2021
AK vs AK,G2,108,6.9,Hindi,24-12-2020
Amanda Knox,G1,92,6.9,English,30-09-2016
Bigflo & Oli: Hip Hop Frenzy,G1,100,6.9,French,08-10-2020
Biggie: I Got a Story to Tell,G1,97,6.9,English,01-03-2021
Cops and Robbers,G11,7,6.9,English,28-12-2020
I Don't Feel at Home in This World Anymore,G7,96,6.9,English,24-02-2017
Laerte-se,G1,100,6.9,Portuguese,19-05-2017
Mank,G15,132,6.9,English,04-12-2020
Our Souls at Night,G10,103,6.9,English,29-09-2017
Outlaw King,G14,121,6.9,English,09-12-2018
Pagglait,G6,114,6.9,Hindi,26-03-2021
ReMastered: Who Shot the Sheriff?,G1,57,6.9,English,12-10-2018
Seeing Allred,G1,95,6.9,English,09-02-2018
Spelling the Dream,G1,83,6.9,English,03-06-2020
The Claudia Kishi Club,G1,17,6.9,English,10-07-2020
The Half of It,G10,105,6.9,English,01-05-2020
The Highwaymen,G7,131,6.9,English,29-03-2019
The Lonely Island Presents: The Unauthorized Bash Brothers Experience,G6,30,6.9,English,23-05-2019
The Meyerowitz Stories (New and Selected),G6,112,6.9,English,13-10-2017
Feminists: What Were They Thinking?,G1,86,7,English,12-10-2018
Gaga: Five Foot Two,G1,100,7,English,22-09-2017
I'm No Longer Here: A Discussion with Guillermo del Toro and Alfonso Cuaron,G13,14,7,English,03-11-2020
Kingdom of Us,G1,109,7,English,13-10-2017
"Lorena, Light-Footed Woman",G1,28,7,Spanish,20-11-2019
Los Tigres del Norte at Folsom Prison,G1,64,7,Spanish,15-09-2019
Ma Rainey's Black Bottom,G7,94,7,English,18-12-2020
Ma Rainey's Black Bottom: A Legacy Brought to Screen,G13,31,7,English,18-12-2020
Operation Varsity Blues: The College Admissions Scandal,G1,99,7,English,17-03-2021
Pele,G1,108,7,English,23-02-2021
ReMastered: Devil at the Crossroads,G1,48,7,English,26-04-2019
ReMastered: The Lion's Share,G1,84,7,English,17-05-2019
ReMastered: The Miami Showband Massacre,G1,70,7,English,22-03-2019
Resurface,G1,27,7,English,01-09-2017
Rocko's Modern Life: Static Cling,G11,45,7,English,09-08-2019
Rose Island,G6,117,7,Italian,09-12-2020
The Christmas Chronicles,G6,104,7,English,22-11-2018
The Dirt,G15,108,7,English,22-03-2019
The Night Comes for Us,G2,121,7,Indonesian,19-10-2018
13th: A Conversation with Oprah Winfrey & Ava DuVernay,G13,36,7.1,English,26-01-2017
Angela's Christmas,G11,30,7.1,English,30-12-2018
Angela's Christmas Wish,G11,47,7.1,English,01-12-2020
Beats,G7,110,7.1,English,19-06-2019
Circus of Books,G1,92,7.1,English,22-04-2020
Dance Dreams: Hot Chocolate Nutcracker,G1,80,7.1,English,27-11-2020
Derren Brown: Sacrifice,G7,49,7.1,English,19-10-2018
El Pepe: A Supreme Life,G1,73,7.1,Spanish,27-12-2019
End Game,G1,40,7.1,English,04-05-2018
Evelyn,G1,96,7.1,English,10-09-2019
Ferry,G7,106,7.1,Dutch,14-05-2021
Grass Is Greener,G1,97,7.1,English,20-04-2019
Guillermo Vilas: Settling the Score,G1,94,7.1,Spanish,27-10-2020
Joshua: Teenager vs. Superpower,G1,78,7.1,English,26-05-2017
Keith Richards: Under the Influence,G1,81,7.1,English,18-09-2015
Knock Down the House,G1,87,7.1,English,01-05-2019
Loudon Wainwright III: Surviving Twin,G13,91,7.1,English,13-11-2018
My Beautiful Broken Brain,G1,91,7.1,English,18-03-2016
One of Us,G1,95,7.1,English,20-10-2017
Pieces of a Woman,G7,126,7.1,English,07-01-2021
"Ram Dass, Going Home",G1,31,7.1,English,06-05-2018
ReMastered: Tricky Dick & the Man in Black,G1,58,7.1,English,02-11-2018
Rooting for Roona,G1,41,7.1,Bengali,15-10-2020
The Devil All the Time,G2,138,7.1,English,16-09-2020
The Dig,G7,112,7.1,English,29-01-2021
The Great Hack,G1,114,7.1,English,24-07-2019
The White Tiger,G7,125,7.1,English,22-01-2021
To All the Boys I've Loved Before,G17,99,7.1,English,17-08-2018
American Murder: The Family Next Door,G1,82,7.2,English,30-09-2020
Audrie & Daisy,G1,98,7.2,English,23-09-2016
First They Killed My Father,G7,136,7.2,Khmer,15-09-2017
Fyre: The Greatest Party That Never Happened,G1,97,7.2,English,18-01-2019
Into the Inferno,G1,107,7.2,English,28-10-2016
LA Originals,G1,92,7.2,English,10-04-2020
Ladies First,G1,39,7.2,English,08-03-2018
Love per Square Foot,G17,133,7.2,Hindi,14-02-2018
Paddleton,G7,89,7.2,English,22-02-2019
Private Life,G7,124,7.2,English,05-10-2021
Seventeen,G6,99,7.2,Spanish,18-10-2019
Sometimes,G7,101,7.2,Tamil,01-05-2018
Soni,G7,97,7.2,Hindi,18-01-2019
The 40-Year-Old Version,G6,124,7.2,English,09-10-2020
The Disciple,G7,129,7.2,Marathi,30-04-2021
The Edge of Democracy,G1,121,7.2,Portuguese,19-06-2019
The King,G14,140,7.2,English,01-11-2019
The Road to El Camino: A Breaking Bad Movie,G11,13,7.2,English,29-10-2019
The Siege of Jadotville,G5,108,7.2,English,07-10-2016
Zion,G1,11,7.2,English,10-08-2018
Dolemite Is My Name,G15,118,7.3,English,25-10-2019
El Camino: A Breaking Bad Movie,G7,121,7.3,English,11-10-2019
Extremis,G1,24,7.3,English,13-09-2016
Father Soldier Son,G1,100,7.3,English,17-07-2020
Get Me Roger Stone,G1,101,7.3,English,12-05-2017
I'm No Longer Here,G7,105,7.3,Spanish,27-05-2020
Mucho Mucho Amor: The Legend of Walter Mercado,G1,96,7.3,Spanish,08-07-2020
Octonauts & the Great Barrier Reef,G11,47,7.3,English,13-10-2020
Okja,G5,121,7.3,English,28-06-2017
On My Skin,G7,100,7.3,Italian,12-09-2018
Raat Akeli Hai,G2,149,7.3,Hindi,31-07-2020
ReMastered: Massacre at the Stadium,G1,64,7.3,English,11-01-2019
ReMastered: The Two Killings of Sam Cooke,G1,64,7.3,English,08-02-2019
Secrets of the Saqqara Tomb,G1,114,7.3,English,28-10-2020
Sitara: Let Girls Dream,G11,15,7.3,English,08-03-2020
Sky Ladder: The Art of Cai Guo-Qiang,G1,79,7.3,English,14-10-2016
Team Foxcatcher,G1,90,7.3,English,29-04-2016
The Ballad of Buster Scruggs,G7,132,7.3,English,16-11-2018
The Death and Life of Marsha P. Johnson,G1,105,7.3,English,06-10-2017
The Fundamentals of Caring,G6,97,7.3,English,24-06-2016
The Other One: The Long Strange Trip of Bob Weir,G1,83,7.3,English,22-05-2015
American Factory,G1,110,7.4,English,21-08-2019
Fire in Paradise,G1,39,7.4,English,01-11-2019
Long Shot,G1,40,7.4,English,29-09-2017
Miss Americana,G1,85,7.4,English,31-01-2020
Period. End of Sentence.,G1,26,7.4,English,12-02-2019
Shawn Mendes: Live in Concert,G16,87,7.4,English,25-11-2020
Shirkers,G1,97,7.4,English,26-10-2018
The Black Godfather,G1,118,7.4,English,07-06-2019
The Irishman: In Conversation,G13,23,7.4,English,27-11-2019
The Speed Cubers,G1,40,7.4,English,29-07-2020
They'll Love Me When I'm Dead,G1,98,7.4,English,02-11-2018
Tig,G1,80,7.4,English,17-07-2015
"Barbra: The Music, The Mem'ries, The Magic!",G16,108,7.5,English,22-11-2017
Blackpink: Light Up the Sky,G1,79,7.5,Korean,14-10-2020
City of Joy,G1,74,7.5,English,07-09-2018
Dick Johnson Is Dead,G1,90,7.5,English,02-10-2020
Homecoming: A Film by Beyonce,G1,137,7.5,English,17-04-2019
Invader Zim: Enter the Florpus,G11,71,7.5,English,16-08-2019
Joan Didion: The Center Will Not Hold,G1,98,7.5,English,27-10-2017
John Mulaney & the Sack Lunch Bunch,G18,70,7.5,English,24-12-2019
Reversing Roe,G1,99,7.5,English,13-09-2018
The White Helmets,G1,40,7.5,English,16-09-2016
Athlete A,G1,104,7.6,English,24-06-2020
Ludo,G6,149,7.6,Hindi,12-11-2020
Quincy,G1,124,7.6,English,21-09-2018
Rolling Thunder Revue: A bob Dylan Story by Martin Scorsere,G1,144,7.6,English,12-06-2019
Tell Me Who I Am,G1,85,7.6,English,18-10-2019
The Bleeding Edge,G1,100,7.6,English,27-07-2018
The Social Dilemma,G1,94,7.6,English,09-09-2020
The Two Popes,G7,125,7.6,English,20-12-2019
"What Happened, Miss Simone?",G1,84,7.6,English,26-06-2015
Yeh Ballet,G7,117,7.6,Hindi,21-02-2020
Anima,G8,15,7.7,English,27-06-2019
Beasts of No Nation,G7,136,7.7,English,16-10-2015
Brene Brown: The Call to Courage,G1,76,7.7,English,19-04-2019
Crip Camp: A Disability Revolution,G1,108,7.7,English,25-03-2020
"Jim & Andy: The Great Beyond - Featuring a Very Special, Contractually Obligated Mention of Tony Cliffton ",G1,94,7.7,English,17-11-2017
Justin Timberlake + The Tennessee Kids,G16,90,7.7,English,12-10-2016
Road to Roma,G11,72,7.7,Spanish,11-02-2020
Roma,G7,135,7.7,Spanish,14-12-2018
If Anything Happens I Love You,G11,12,7.8,English,20-11-2020
The Irishman,G7,209,7.8,English,27-11-2019
The Trial of the Chicago 7,G7,130,7.8,English,16-10-2020
A Secret Love,G1,82,7.9,English,29-04-2020
Icarus,G1,120,7.9,English,04-08-2017
Marriage Story,G7,136,7.9,English,06-12-2019
The Ivory Game,G1,112,7.9,English,04-11-2016
Struggle: The Life and Lost Art of Szukaiski,G1,105,8,English,21-12-2018
Chasing Coral,G1,89,8.1,English,14-07-2017
My Octopus Teacher,G1,85,8.1,English,07-09-2020
Rising Phoenix,G1,106,8.1,English,26-08-2020
13th,G1,100,8.2,English,07-10-2016
Disclosure: Trans Lives on Screen,G1,107,8.2,English,19-06-2020
Klaus,G11,97,8.2,English,15-11-2019
Seaspiracy,G1,89,8.2,English,24-03-2021
The Three Deaths of Marisela Escobedo,G1,109,8.2,Spanish,14-10-2020
Cuba and the Cameraman,G1,114,8.3,English,24-11-2017
Dancing with the Birds,G1,51,8.3,English,23-10-2019
Ben Platt: Live from Radio City Music Hall,G16,85,8.4,English,20-05-2020
Taylor Swift: Reputation Stadium Tour,G16,125,8.4,English,31-12-2018
Winter on Fire: Ukraine's Fight for Freedom,G1,91,8.4,English,09-10-2015
Springsteen on Broadway,G13,153,8.5,English,16-12-2018
Emicida: AmarElo - It's All For Yesterday,G1,89,8.6,Portuguese,08-12-2020
David Attenborough: A Life on Our Planet,G1,83,9,English,04-10-2020
